232633627068_10157157941647069, è˜‹æžœæ—¥å ± å°ç£, è®“æˆ‘ç®—ç®—æ™šä¸Šè¦åŽ»å“ªå€‹å¤œå¸‚æ‰èƒ½å¶é‡æœ¬äººï¼ˆä¸ŸéŠ…æ¿ï¼‰ #é„‰ç·¨\n\u3000\u3000\nåœ–æ–‡å ±å°Žã€#è˜‹æžœç¨å®¶ã€‘çˆ¬å®Œä¸­æ­£å»Ÿï¼èŸ»äººæ•…å®®è³žè‚‰å½¢çŸ³\u3000é¾å±±å¯ºè½èª¦ç¶“\nhttps://tw.entertainment.appledaily.com/realtime/20180611/1370840/\n\u3000\nã€å®Œæ•´ #å‹•æ–°èžã€‘\nhttps://tw.video.appledaily.com/entertainment/20180611/1370840/\n\u3000\n#èŸ»äººèˆ‡é»ƒèœ‚å¥³ #æ¼«å¨ #èŸ»äºº2 #PaulRudd #Marvel #EvangelineLilly #å°ç£ #Taiwan Ant-Man Marvel Evangeline Lilly\nâš½ä¸–è¶³çœ‹è˜‹æžœ http://bit.ly/2sIFsk, 2018-06-11T09:30:01+0000, 60, 4, 1
232633627068_10157157943787069, è˜‹æžœæ—¥å ± å°ç£, ç«Ÿç„¶æœ‰è¾¦æ³•æ‘¸èµ°630è¬ç¦®åŠµï¼Œè©²èªªå¥¹åŽ²å®³å—Žï¼Ÿ #æ—ç·¨ ðŸ˜±ðŸ˜±ðŸ˜±\n\u3000\n#è˜‹æžœç¤¾æœƒ\nðŸŽä¸ä¸€æ¨£çš„è˜‹æžœæ—¥å ±ï¼ŒåŠ å…¥æˆ‘å€‘çš„IGå§ ðŸ‘‰ https://goo.gl/HxyZnq, 2018-06-11T09:20:13+0000, 512, 25, 3
232633627068_10157157745427069, è˜‹æžœæ—¥å ± å°ç£, å°èƒ–å¼Ÿé€£åƒé›žçš„æ¨¡æ¨£ä¹Ÿè¶…èŒ(*Â´Ð·ï½€*) #7pupuç·¨\n\u3000\n#è˜‹æžœåœ‹éš› \nâš½ä¸–è¶³çœ‹è˜‹æžœ http://bit.ly/2sIFskX, 2018-06-11T09:10:00+0000, 122, 4, 4
232633627068_10157157622492069, è˜‹æžœæ—¥å ± å°ç£," é‚„èªªä»€éº¼""ä¸‹æ¬¡""ï¼Œé€™ç¨®å¥³å‹é‚„æ˜¯è¶•å¿«æ”¾ç”Ÿå§ï¼ˆæ‹æ‹ï¼‰ #é„‰ç·¨\n\u3000\u3000\nã€åœ–æ–‡å ±å°Žã€‘æ‰¾å¥³ç´„ç ²è¢«æŠ“åŒ…\u3000é“æ­‰å½±ç‰‡é­POç¶²\nhttps://tw.appledaily.com/new/realtime/20180611/1370937/\n\u3000\nã€å®Œæ•´ #å‹•æ–°èžã€‘\nhttps://tw.video.appledaily.com/local/20180611/1370937/\n\u3000\nâ˜…ä¸ŠæŽ¨ç‰¹åˆ—è»Šå§ï¼è€å¸æ©Ÿç™¼çš„è˜‹æžœä¸ä¸€æ¨£ â†’ http://bit.ly/2HpCaau", 2018-06-11T08:50:00+0000, 67, 24, 6
232633627068_10157157877507069, è˜‹æžœæ—¥å ± å°ç£, ä½©æœä»–çš„å‹‡æ°£... #æ—ç·¨ ðŸ˜±ðŸ˜±ðŸ˜±\n\u3000\n#è˜‹æžœåœ‹éš›\nâš½ä¸–è¶³çœ‹è˜‹æžœ http://bit.ly/2sIFskX, 2018-06-11T08:41:22+0000, 418, 28, 7
232633627068_10157157581902069, è˜‹æžœæ—¥å ± å°ç£," å…©ä½éƒ½å¾ˆä¸æŒ‰ç‰Œç†å‡ºç‰Œï¼Œä¸æ›‰å¾—æ˜Žå¤©æœƒä¸æœƒæœ‰""è„«ç¨¿æ¼”å‡º""çš„ç‹€æ³ç™¼ç”Ÿå‘¢ #é„‰ç·¨\n\u3000\u3000\nåœ–æ–‡å ±å°Žã€å…¨å‹•ç•«ã€‘ç•°æƒ³ä¸–ç•Œï¼ å·é‡‘æœƒè‹¥ç¿»æ¡Œ\u3000å°ç£æœƒè¢«æ²å…¥ï¼Ÿ\nhttps://tw.appledaily.com/new/realtime/20180611/1370521/\n\u3000\nã€å®Œæ•´ #å‹•æ–°èžã€‘\nhttps://tw.video.appledaily.com/international/20180611/1370521/\n\u3000\nã€#ç«ç·šè©±é¡Œã€‘å·é‡‘æœƒç…åŸŽç™»å ´\nhttp://bit.ly/2vSVzjM\n#å·é‡‘æœƒ #åŒ—éŸ“ #å·æ™® #é‡‘æ­£æ© #åœ‹éš›æ–°èž #è˜‹æžœåœ‹éš› #è˜‹æžœå‹•ç•«æ²’æœ‰æ¥µé™ #ä¸­åœ‹ #å°ç£ #ç¿’è¿‘å¹³ Donald J. Trump #ê¹€ì •ì€\nâ˜…æƒ³é—œå¿ƒæ›´å¤šåœ‹éš›äº‹ä»¶ï¼Ÿè«‹è·Ÿéš¨è˜‹æžœæŽ¨ç‰¹  â†’  http://bit.ly/2HpCaau", 2018-06-11T08:30:01+0000, 179, 85, 43
232633627068_10157157827917069, è˜‹æžœæ—¥å ± å°ç£, å¥½èº«æåŽŸä¾†æ˜¯é€™æ¨£å¡žå‡ºä¾†çš„( Í¡Â° ÍœÊ– Í¡Â°)\næ˜¯èªªå¥³è­¦çš„çœ¼ç›å¥½å°–å•Š\n\u3000\n#æ‹‰Kä¸€æ™‚å°¿å¸ƒä¸€ä¸–, 2018-06-11T08:20:00+0000, 629, 16, 7
232633627068_10157157808307069, è˜‹æžœæ—¥å ± å°ç£, è¿ªå£«å°¼é™å®šå•†å“ï¼Œä¸ç”¨é£›å‡ºåœ‹å°±æœ‰æ©Ÿæœƒå¾—åˆ°ÎµÙ©(à¹‘> â‚ƒ <)Û¶Ð·\n\u3000\n#æµ·æ´‹å¥‡ç·£ #èŽ«å¨œ, 2018-06-11T08:10:00+0000, 21, 0, 2
232633627068_10157157817047069, è˜‹æžœæ—¥å ± å°ç£, æ¬ è–ªé‚„æ‰“äºº...éƒ½æ˜¯å°ç£äººä¸æ˜¯æ‡‰è©²äº’ç›¸ç…§é¡§å—Ž(Â´ï¾ŸÐ´ï¾Ÿ`) #7pupuç·¨\n\u3000\n#è˜‹æžœç”Ÿæ´» \nâ˜…è·Ÿéš¨ä»–ï¼ä½ æœƒæœ‰ä¸ä¸€æ¨£çš„æ–°èžè¦–é‡Ž â†’  http://bit.ly/2HpCaau, 2018-06-11T08:00:01+0000, 476, 85, 38
232633627068_10157157503382069, è˜‹æžœæ—¥å ± å°ç£, ç•«ä»€éº¼åœ–ï¼Ÿè©²ä¸æœƒæ˜¯å°é›žå•„ç±³åœ–å§ï¼ŸðŸ™„ #é„‰ç·¨\n\u3000\u3000\nã€åœ–æ–‡å ±å°Žã€‘äººå¦»å‡ºè»ŒçŽ©ã€Œå¤§æ€’ç¥žã€\u3000å°çŽ‹è¾¯ï¼šé‚£2å¤©éƒ½åœ¨ç•«åœ–\nhttps://tw.appledaily.com/new/realtime/20180611/1369968/\n\u3000\nã€å®Œæ•´ #å‹•æ–°èžã€‘\nhttps://tw.video.appledaily.com/local/20180611/1369968/\n\u3000\n#è˜‹æžœå‹•ç•«\nâ˜…ä¸ŠæŽ¨ç‰¹åˆ—è»Šå§ï¼è€å¸æ©Ÿç™¼çš„è˜‹æžœä¸ä¸€æ¨£ â†’ http://bit.ly/2HpCaau, 2018-06-11T07:50:01+0000, 39, 3, 1
232633627068_10157157804477069, è˜‹æžœæ—¥å ± å°ç£, å¹¹å˜›çªç„¶é–‹æ§......#7pupuç·¨\n\u3000\n#è˜‹æžœæœ€æ–° #è˜‹æžœç¤¾æœƒ, 2018-06-11T07:40:33+0000, 133, 10, 2
232633627068_10157157398407069, è˜‹æžœæ—¥å ± å°ç£, ç‡ˆå…‰ä½ åˆèª¿çš®äº†ðŸ˜ #é„‰ç·¨\n\u3000\u3000\nåœ–æ–‡å ±å°Žã€ç‹—ä»”å·æ‹ã€‘ç´ é¡å›‰ï¼é¬¼é¬¼ã€Œç„¡çœ‰fuã€é©šäººåˆ°çˆ†\nhttps://tw.appledaily.com/new/realtime/20180611/1370740/\n\u3000\nã€å®Œæ•´ #å‹•æ–°èžã€‘\nhttps://tw.video.appledaily.com/entertainment/20180611/1370740/\n\u3000\n#å³æ˜ æ½” #é¬¼é¬¼ #è˜‹æžœç‹—ä»” é¬¼é¬¼ å³æ˜ æ½”\nâš½ä¸–è¶³çœ‹è˜‹æžœ http://bit.ly/2sIFsk, 2018-06-11T07:30:00+0000, 19, 0, 2
232633627068_10157157785342069, è˜‹æžœæ—¥å ± å°ç£, ä»–å¼·èª¿çµ•ä¸å…è¨±è•‰è¾²è¾›è‹¦çš„å¿ƒè¡€ï¼Œè¢«æŸäº›ä¸è‚–äººå£«ã€Œå‰å‰Šã€ï¼çœŸçš„å¤ªå¸¥äº†ÎµÙ©(à¹‘> â‚ƒ <)Û¶Ð· #7pupuç·¨\n\u3000\nã€ä¸çˆ½åŒæ¥­é«˜åƒ¹æ”¶è•‰æ“‹è²¡è·¯\u3000ä¸ƒå«Œåœæ¯†ç›¤å•†è¢«é€®ã€‘\nhttps://tw.news.appledaily.com/local/realtime/20180610/1370926\n\u3000\nðŸŽåŠ å…¥ã€Šè˜‹æžœã€‹LINEï¼Œæ–°èžå¿«éžå³æ™‚é€ ðŸ‘‰ https://goo.gl/pQ9xTe, 2018-06-11T07:20:20+0000, 592, 24, 10
232633627068_10157157734942069, è˜‹æžœæ—¥å ± å°ç£, ðŸ˜¡ðŸ˜¡ðŸ˜¡ðŸ˜¡\n\u3000\u3000\nã€åœ–æ–‡å ±å°Žã€‘æ´‹è…¸çµè±”æ‹ç‰‡è³£\u3000ç¶²ç«™å°±å«ã€Œå°ç£å¥³ç”Ÿå¾ˆå®¹æ˜“ã€\nhttps://tw.news.appledaily.com/life/realtime/20180611/1370915/, 2018-06-11T07:10:01+0000, 225, 83, 15
232633627068_10157157731677069, è˜‹æžœæ—¥å ± å°ç£, èŒƒå†°å†°æœ€è¿‘æŽ¥äºŒé€£ä¸‰å„ç¨®çˆ†æ–™ï¼Œåˆ°åº•æ˜¯æƒ¹åˆ°èª°äº†â•®(â•¯_â•°)â•­ #7pupuç·¨\n\u3000\n#èŒƒå†°å†° èŒƒå†°å†°. #æŽæ™¨ æŽæ™¨  \nâ˜…è·Ÿéš¨ã€Šè˜‹æžœã€‹æŽ¨ç‰¹ï¼Œå’Œä¸­åœ‹ç¶²å‹èŠæ–°èž â†’ http://bit.ly/2HpCaau, 2018-06-11T07:00:01+0000, 1167, 57, 52
232633627068_10157157535132069, è˜‹æžœæ—¥å ± å°ç£, ç®—æˆ‘æ‹œè¨—ä½ ï¼Œä»¥å¾Œè®“ä½ åª½é–‹è»Šè¼‰ä½ å°±å¥½ï¼Œé–‹è»Šé€™éº¼å±éšªçš„äº‹æƒ…ï¼Œå­©å­ä½ é‚„æ˜¯åˆ¥ç¢°äº†ðŸ™„ #é„‰ç·¨\n\u3000\u3000\nã€åœ–æ–‡å ±å°Žã€‘è»Šé–‹åˆ°æ²’æ²¹å¡å¾…è½‰å€\u3000ç«Ÿå‘†è€—3å°æ™‚ç­‰åª½åª½\nhttps://tw.appledaily.com/new/realtime/20180610/1370657/\n\u3000\nã€å®Œæ•´ #å‹•æ–°èžã€‘\nhttps://tw.video.appledaily.com/local/20180610/1370657/\n\u3000\n#é¦¬è·¯ä¸‰å¯¶ #åª½å¯¶\nâš½ä¸–è¶³çœ‹è˜‹æžœ http://bit.ly/2sIFsk, 2018-06-11T06:50:00+0000, 96, 58, 17
232633627068_10157157724847069, è˜‹æžœæ—¥å ± å°ç£, è¨Žæ‹ä¸æˆåè¢«èµ·åº•ï¼Œå¹«QQ #7pupuç·¨\n\u3000\n#è˜‹æžœç”Ÿæ´» #çˆ†æ–™å…¬ç¤¾\nâš½ä¸–è¶³çœ‹è˜‹æžœ http://bit.ly/2sIFskX, 2018-06-11T06:42:01+0000, 228, 7, 4
232633627068_10157157443597069, è˜‹æžœæ—¥å ± å°ç£," ç‘žèŽŽå› ç‚ºèªè­˜äº†ç¾åœ¨çš„è€å…¬é–‹å§‹æƒ³åœ¨å°ç£ä¹…å±…ï¼Œåª½åª½é‚„æ´¾ç‘žèŽŽçš„å¼Ÿå¼Ÿä¾†è€ƒå¯Ÿ""å§Šå¤«""ï¼Œçœ‹çœ‹ç‘žæ²™åœ¨å°ç£æ˜¯ä¸æ˜¯çœŸçš„å¾ˆå¿«æ¨‚ï¼Œè¶…æœ‰æ„›çš„ä¸€å®¶äººè€¶ðŸ˜ðŸ˜\n\u3000\u3000\nåœ–æ–‡å ±å°Žã€#è˜‹æžœä¹‹æ˜Ÿã€‘ä¾†å°é¦–æ—¥é©šè¦‹åè¡€æ¡ˆ\u3000ç‘žèŽŽæ†¶çŸ­å‘½å©šåªæœ‰æ„Ÿæ©\nhttps://tw.entertainment.appledaily.com/realtime/20180611/1370747\n\u3000\nã€ç›¸é—œæ–°èžã€‘å¡é—œ5å¹´ï¼ç‘žèŽŽæ˜Žå¹´åˆè®Šå°ç£äºº\u30001å¹´åŠç©ºçª—ã€Œæˆ¶å£æ²’æœ‰æˆ‘ã€\nhttps://tw.entertainment.appledaily.com/realtime/20180611/1370754\n\u3000\nã€#ç«ç·šè©±é¡Œã€‘è˜‹æžœæœ€å¤¯å°ˆè¨ª\nhttp://bit.ly/2xPDAfa\n#è˜‹æžœå°ˆè¨ª #ç‘žèŽŽ #çƒå…‹è˜­ #å°ç£ #æ­¸åŒ– ç‘žèŽŽ Larisa \nâš½ä¸–è¶³çœ‹è˜‹æžœ http://bit.ly/2sIFsk", 2018-06-11T06:30:01+0000, 285, 8, 14
232633627068_10157157700247069, è˜‹æžœæ—¥å ± å°ç£, ã€Œæˆ‘å†ä¸æ¾„æ¸…ï¼Œè¢«æ½‘åˆ°æˆ‘èº«ä¸Šçš„é«’æ°´å³ä½¿ä¹¾äº†ï¼Œææ€•ä¹Ÿæ°¸é è‡­äº†ã€‚ã€#7pupuç·¨\n\u3000\nã€æ–°å…‰é›™å§çºŒé¬¥ç‰‡ã€‘å¤§å…¬ä¸»è‡‰æ›¸è²¼ã€Šè˜‹æžœã€‹æ–‡ã€Œè¡¨å¿ƒè²ã€\nhttps://tw.news.appledaily.com/new/realtime/20180428/1343336/\n\u3000\nã€é‚„åŽŸç¾å ´ç‰‡ã€‘æ–°å…‰ç¨è‘£æ‰¹æŽç´€ç ã€Œç¸¾æ•ˆæ²’å‡ºä¾†å°±è¦åŠ è–ªã€\nhttps://tw.finance.appledaily.com/realtime/20180427/1342791\n\u3000\n#æ–°å…‰é‡‘ #å³æ¬£ç›ˆ å³æ¬£ç›ˆofficial\nðŸŽåŠ å…¥ã€Šè˜‹æžœã€‹LINEï¼Œæ–°èžå¿«éžå³æ™‚é€ ðŸ‘‰ https://goo.gl/pQ9xTe, 2018-06-11T06:20:36+0000, 62, 4, 1
232633627068_10157157667902069, è˜‹æžœæ—¥å ± å°ç£, ç¾Žå¯¶ä¸€è‡‰æ·¡å®šï¼Œå¥½ç¾¨æ…•é˜¿ðŸ˜‚#7pupuç·¨\n\u3000\n#è³€è»ç¿” è³€è»ç¿” #ä¼Šå‡¡æ½”ç³èŽ‰èŽ‰ Evangeline Lilly #ç¾Žå¯¶\nðŸŽè¿½æ˜Ÿè¿½ç¾Žé£Ÿï¼ŒåŠ å…¥è˜‹æžœæ—¥å ±IG ðŸ‘‰ https://goo.gl/HxyZnq, 2018-06-11T06:10:00+0000, 1292, 9, 5
232633627068_10157157659502069, è˜‹æžœæ—¥å ± å°ç£, æ¬¡æ•¸åƒ…æ¬¡æ–¼å¼µæ³°å±±è·Ÿå½­æ”¿é–”(à¸‡à¹‘ â€¢Ì€_â€¢Ì)à¸‡ #7pupuç·¨\n\u3000\n#æž—æ™ºå‹ æž—æ™ºå‹ #ä¸­è¯è·æ£’\nâš½ä¸–è¶³çœ‹è˜‹æžœ http://bit.ly/2sIFskX, 2018-06-11T06:00:00+0000, 213, 6, 0
232633627068_10157157474882069, è˜‹æžœæ—¥å ± å°ç£, å…©äººéƒ½æ‰å‰›æ»¿18æ­²...\n\u3000\u3000\nã€åœ–æ–‡å ±å°Žã€‘ç•¢æ¥­åƒ…ä¹å¤©\u3000é«˜ä¸­ç”Ÿå•åœ‹ä¸­åŒå­¸é¨Žæ©Ÿè»Šè‡ªæ’žé›™äº¡\nhttps://tw.appledaily.com/new/realtime/20180610/1370628/\n\u3000\nã€å®Œæ•´ #å‹•æ–°èžã€‘\nhttps://tw.video.appledaily.com/local/20180610/1370628/, 2018-06-11T05:50:00+0000, 139, 68, 7
232633627068_10157157617197069, è˜‹æžœæ—¥å ± å°ç£, å©šå§»è§¸ç¤æ²’é—œä¿‚ï¼Œå½­ä½³æ…§çš„å”±åŠŸå¯¦åŠ›çµ•å°æ˜¯ç„¡åº¸ç½®ç–‘çš„ï¼#7pupuç·¨\n\u3000\nã€å£¹é€±åˆŠã€‘ã€ˆé‡‘æ›²æ­Œå–‰æˆ°2ã€‰ç›¸é¦¬èŒœæ˜¯å¹¸é‹ç‰©\u3000æŽçŽ–å“²å•é¼Žæ­ŒçŽ‹æœ‰æ´‹è”¥\nhttps://tw.news.appledaily.com/nextmag/realtime/20180611/1371045/\n\u3000\nã€å£¹é€±åˆŠã€‘ã€ˆé‡‘æ›²æ­Œå–‰æˆ°3ã€‰ä¸–å¤§é‹èµ°éŸ³å¥½å‚·\u3000ç”·å‹ç¥žåŠ©å¾ä½³ç‘©ææ­ŒåŽ\nhttps://tw.news.appledaily.com/nextmag/realtime/20180611/1371051/\n\u3000\nå½­ä½³æ…§ #å½­ä½³æ…§\nðŸŽè¿½æ˜Ÿè¿½ç¾Žé£Ÿï¼ŒåŠ å…¥è˜‹æžœæ—¥å ±IG ðŸ‘‰ https://goo.gl/HxyZnq, 2018-06-11T05:40:00+0000, 78, 2, 2
232633627068_10157157835312069, è˜‹æžœæ—¥å ± å°ç£, åªè¦ç”¨é›»é‹å°±æœ‰ç¾Žå‘³è’œé ­é›žå¯ä»¥åƒå•¦ï½žï½ž\n\u3000\n#å½±å‰µä¸­å¿ƒ å½±åƒå‰µæ„ä¸­å¿ƒ 17Video, 2018-06-11T11:50:18+0000, 6, 1, 1
232633627068_10157158145152069, è˜‹æžœæ—¥å ± å°ç£, å…©ä½æ€Žéº¼æœƒä»¥é€™ç¨®å§¿å‹¢æ¹Šåœ¨ä¸€èµ·å•¦ï¼\u3000#é¬¼ç·¨\n\u3000\nðŸŽåŠ å…¥ã€Šè˜‹æžœã€‹LINEï¼Œæ‹’ç•¶çŸ¥è­˜é­¯çª®å®… ðŸ‘‰ https://goo.gl/pQ9xTe, 2018-06-11T11:40:01+0000, 140, 15, 3
232633627068_10157158164067069, è˜‹æžœæ—¥å ± å°ç£, å¼µéŸ¶æ¶µé¦–åº¦å›žæ‡‰é€™ä»¶é¢¨æ³¢....\u3000#é¬¼ç·¨\n\u3000\nã€ç¨å®¶ã€‘å¼µéŸ¶æ¶µè¢«æŽ§æ¯ç´„æ£„é¤Šçˆ¶æ¯\u3000åª½æ·ªè¶Šå—å°å‹žå«å¥¹ã€Œç£•é ­èªéŒ¯ã€\nhttps://tw.entertainment.appledaily.com/realtime/20180526/1361568\n\u3000\nã€ç¨å®¶ã€‘å¼µéŸ¶æ¶µåª½è¶Šå—æ›å…‰\u3000äº®éº—æ‰“æ‰®ä¸åƒ12Kå°å‹ž\nhttps://tw.entertainment.appledaily.com/realtime/20180601/1365218\n\u3000\n#è˜‹æžœå¨›æ¨‚ å¼µéŸ¶æ¶µ Angela Chang #å¼µéŸ¶æ¶µ\nðŸŽåŠ å…¥ã€Šè˜‹æžœã€‹LINEï¼Œéš¨æ™‚æŽŒæ¡å¤©ä¸‹äº‹ ðŸ‘‰ https://goo.gl/pQ9xTe, 2018-06-11T11:30:35+0000, 139, 10, 3
232633627068_10157158094857069, è˜‹æžœæ—¥å ± å°ç£, Tå¦¹ï¼šã€Œå¥³ç”Ÿè¦æ‡‚å¾—é¡§å½¢è±¡ï¼Œæˆ‘ä¸åå°äººé«”æ¨¡ç‰¹å…’ç­‰ï¼Œé€™ä¹Ÿæ˜¯è·æ¥­ï¼ä½†å¦‚æžœä½ å–®ç´”ä»¥ç‚ºè£¸éœ²å°±èƒ½ç´…ï¼Œé€™çµ•å°æ˜¯éŒ¯èª¤è§€å¿µã€\n\u3000\nðŸŽFBæ»‘è†©äº†ï¼Ÿæˆ‘å€‘ä¹Ÿæœ‰IGå–”(â‰–â€¿ã‚â‰–)âœ§ ðŸ‘‰ https://goo.gl/HxyZnq, 2018-06-11T11:20:00+0000, 225, 25, 1
232633627068_10157157992762069, è˜‹æžœæ—¥å ± å°ç£, å°æ­¤ï¼Œæœ¨æŸµå» å›žæ‡‰ï¼Œç›®å‰å°šç„¡æ³•é€éœ²æ˜¯ä»¥ä½•ç¨®åœ–æ¡ˆé‡ç¾ï¼Œä½†æœªä¾†ä¿è­‰æœƒç”¨æ›´å¥½çš„æ–¹å¼å‘ˆç¾.... #æ—ç·¨\n\n#è˜‹æžœç”Ÿæ´»\nðŸŽè˜‹æžœæ—¥å ±IGå¼·å‹¢å›žæ­¸ ðŸ‘‰ https://goo.gl/HxyZnq, 2018-06-11T11:10:00+0000, 196, 29, 5
232633627068_10157158116842069, è˜‹æžœæ—¥å ± å°ç£, R.I.P...\n\u3000\n#è˜‹æžœç¤¾æœƒ çµ±ä¸€ç…å®˜æ–¹ç²‰çµ²åœ˜\nðŸŽæƒ³å°FBè®Šå¿ƒï¼Ÿæˆ‘å€‘ä¹Ÿæœ‰IGå–”(â‰–â€¿ã‚â‰–)âœ§ ðŸ‘‰ https://goo.gl/HxyZnq, 2018-06-11T11:02:03+0000, 543, 6, 9
232633627068_10157158002692069, è˜‹æžœæ—¥å ± å°ç£, ä¸€å€‹4æ­²ä¸€å€‹æ‰8å€‹æœˆï¼Œä½ æ€Žéº¼èƒ½æ”¾ä»–å€‘ç¨è‡ªåœ¨å®¶...\n\u3000\u3000\nã€åœ–æ–‡å ±å°Žã€‘æ¯ç¨ç•™å…©ç¨šå­åœ¨å®¶5å°æ™‚\u30008æœˆå¤§å¬°è¶´ç¡çª’æ¯äº¡\nhttps://tw.appledaily.com/new/realtime/20180611/1370995/\n\u3000\nã€å®Œæ•´ #å‹•æ–°èžã€‘\nhttps://tw.video.appledaily.com/local/20180611/1370995/\n\u3000\n#è˜‹æžœå‹•ç•«, 2018-06-11T10:50:00+0000, 51, 49, 11
232633627068_10157157986862069, è˜‹æžœæ—¥å ± å°ç£, è¼”åŠ©å™¨æéžå¸¸çš„å®Œæ•´ï¼Œæ ¹æœ¬æ˜¯å°ˆæ¥­ç´šçš„... #æ—ç·¨ ðŸ˜‚ðŸ˜‚ðŸ˜‚\n\u3000\n#è˜‹æžœç”Ÿæ´»\nðŸŽä¸ä¸€æ¨£çš„è˜‹æžœæ—¥å ±ï¼ŒåŠ å…¥æˆ‘å€‘çš„IGå§ ðŸ‘‰ https://goo.gl/HxyZnq, 2018-06-11T10:40:00+0000, 93, 4, 6
232633627068_10157157779297069, è˜‹æžœæ—¥å ± å°ç£, æŸšå­é†¬é‚„å‘¼ç±²ç¶²å‹ä¸ç”¨æ€¥è‘—ä¸Šè»ŠðŸ™ˆðŸ™ˆðŸ™ˆ \n\u3000\u3000\nã€åœ–æ–‡å ±å°Žã€‘ç‚ºéŒ¢ä¸‹æµ·é–±é³¥ç„¡æ•¸\u3000å¤–æ‹å°æ¨¡å˜†ã€Œè‰²å½±å¸«ã€éƒ½æ˜¯çŸ­å¿«ä¿ \nhttps://tw.news.appledaily.com/international/realtime/20180611/1370921\n\u3000\n#è˜‹æžœå‹•ç•«\nâ˜…ä¸ŠæŽ¨ç‰¹åˆ—è»Šå§ï¼è€å¸æ©Ÿç™¼çš„è˜‹æžœä¸ä¸€æ¨£ â†’ http://bit.ly/2HpCaau, 2018-06-11T10:30:00+0000, 56, 20, 4
232633627068_10157157982162069, è˜‹æžœæ—¥å ± å°ç£, å¯æ˜¯æˆ‘é€£ç›¤å­éƒ½ç„¡æ³•ç•¶å•Š.... #æ—ç·¨ ðŸ˜«ðŸ˜«ðŸ˜«\n\u3000\n#è˜‹æžœåœ°ç”¢\nðŸŽåŠ å…¥ã€Šè˜‹æžœã€‹LINEï¼Œæ‹’ç•¶çŸ¥è­˜é­¯çª®å®… ðŸ‘‰ https://goo.gl/pQ9xTe, 2018-06-11T10:20:00+0000, 390, 88, 17
232633627068_10157158031587069, è˜‹æžœæ—¥å ± å°ç£, å„˜ç®¡æ¡ˆä»¶å¯©ç†æœŸé–“ï¼Œé™¸çºŒæœ‰7å®¶é†«é™¢è­‰æ˜Žä»–å…¨ç›²ï¼Œä½†æ³•é™¢ä¸¦ä¸æŽ¡ä¿¡ï¼Œå¦‚ä»Šä»–ä¸åƒ…å¾—å…¥ç›£1å¹´2å€‹æœˆï¼Œéœ€ç¹³å›ž522è¬å…ƒçš„ã€ŒçŠ¯ç½ªæ‰€å¾—ã€ï¼Œå…¥ç›£æ™‚é‚„å¯èƒ½é€£å°Žç›²æ‰‹æ–éƒ½ä¸èƒ½å¸¶......\n\u3000\nã€ã€Œè£çžŽã€å‰åœ‹æ‰‹ æ˜¯è©æ˜¯å†¤ã€‘\nhttp://tw.news.appledaily.com/headline/daily/20180528/38026918/\n\u3000\nã€ç›²äººæ‡‰è©²é•·ä»€éº¼æ¨£ æ‰“çƒ è·‘æ­¥ æ¼”æˆ²é›£ä¸å€’ã€‘\nhttp://tw.news.appledaily.com/headline/daily/20180528/38026931/\n\u3000\n#é™³æ•¬éŽ§ #è¦–éšœåœ‹æ‰‹ \nðŸŽåŠ å…¥ã€Šè˜‹æžœã€‹LINEï¼Œæ–°èžå¿«éžå³æ™‚é€ ðŸ‘‰ https://goo.gl/pQ9xTe, 2018-06-11T10:08:35+0000, 129, 17, 8
232633627068_10157157950627069, è˜‹æžœæ—¥å ± å°ç£, èª¤æœƒå¾—å¾ˆå¾¹åº•... #æ—ç·¨ ðŸ˜‚ðŸ˜‚ðŸ˜‚\n\u3000\n#è˜‹æžœç”Ÿæ´» #çŽ»ç’ƒå¸ç®¡ #é™å¡‘\nâš½ä¸–è¶³çœ‹è˜‹æžœ http://bit.ly/2sIFskX, 2018-06-11T10:00:01+0000, 417, 13, 4
232633627068_10157157794092069, è˜‹æžœæ—¥å ± å°ç£, å‡Œæ™¨3é»žå°±è¦èµ·åºŠï¼Œä¸€è·¯å¿™åˆ°ä¸Šåˆ11é»žå¤šæ‰ç®—å‘Šä¸€æ®µè½ï¼Œç¡éŽé ­é‚„æœƒè¢«å®¢äººæ‰“é›»è©±å«èµ·åºŠðŸ˜‚ðŸ˜‚ã€‚ç™¾å¹´è±†è…è€åº—çš„ç¬¬å››ä»£è©¹çµ±æ£®èªªï¼šã€Œé€™æ˜¯ä½¿å‘½æ„Ÿï¼Œä¸èƒ½ç ¸äº†æ‹›ç‰Œï¼Œä¸€å®šè®“é„°é‡Œå€‘åƒå¾—å®‰å¿ƒï¼ã€\n\u3000\u3000\nåœ–æ–‡å ±å°Žã€#å¾®è¦–è˜‹ã€‘æ”¾ç‰›ç­ã€Œä¾†è»Ÿçš„ã€\u3000çˆ¶äº¡å–šä½¿å‘½æ‰‹å‚³è±†è…æƒ…\nhttps://tw.appledaily.com/new/realtime/20180611/1363227/\n\u3000\nã€å®Œæ•´ #å‹•æ–°èžã€‘\nhttps://tw.video.appledaily.com/local/20180611/1363227/\n\u3000\nã€#ç«ç·šè©±é¡Œã€‘#è˜‹æžœå¾®è¦–è˜‹ \nhttp://bit.ly/2rfWEfS\n#è˜‹æžœå‹•æ–°èž #è±†è…é”äºº\nâš½ä¸–è¶³çœ‹è˜‹æžœ http://bit.ly/2sIFsk, 2018-06-11T09:50:00+0000, 146, 1, 10
232633627068_10157157968887069, è˜‹æžœæ—¥å ± å°ç£, é˜¿ç«¥æœ€è¿‘å¾ˆæœƒç‚’è©±é¡Œè€¶... #æ—ç·¨\n\u3000\n#è˜‹æžœæ”¿æ²» #ç«¥ä»²å½¥ å°ç£é˜¿ç«¥â”€ç«¥ä»²å½¥\nðŸŽåŠ å…¥ã€Šè˜‹æžœã€‹LINEï¼Œæ‹’ç•¶çŸ¥è­˜é­¯çª®å®… ðŸ‘‰ https://goo.gl/pQ9xTe, 2018-06-11T09:40:00+0000, 93, 5, 0
232633627068_10157157941647069, è˜‹æžœæ—¥å ± å°ç£, è®“æˆ‘ç®—ç®—æ™šä¸Šè¦åŽ»å“ªå€‹å¤œå¸‚æ‰èƒ½å¶é‡æœ¬äººï¼ˆä¸ŸéŠ…æ¿ï¼‰ #é„‰ç·¨\n\u3000\u3000\nåœ–æ–‡å ±å°Žã€#è˜‹æžœç¨å®¶ã€‘çˆ¬å®Œä¸­æ­£å»Ÿï¼èŸ»äººæ•…å®®è³žè‚‰å½¢çŸ³\u3000é¾å±±å¯ºè½èª¦ç¶“\nhttps://tw.entertainment.appledaily.com/realtime/20180611/1370840/\n\u3000\nã€å®Œæ•´ #å‹•æ–°èžã€‘\nhttps://tw.video.appledaily.com/entertainment/20180611/1370840/\n\u3000\n#èŸ»äººèˆ‡é»ƒèœ‚å¥³ #æ¼«å¨ #èŸ»äºº2 #PaulRudd #Marvel #EvangelineLilly #å°ç£ #Taiwan Ant-Man Marvel Evangeline Lilly\nâš½ä¸–è¶³çœ‹è˜‹æžœ http://bit.ly/2sIFsk, 2018-06-11T09:30:01+0000, 163, 8, 3
232633627068_10157157943787069, è˜‹æžœæ—¥å ± å°ç£, ç«Ÿç„¶æœ‰è¾¦æ³•æ‘¸èµ°630è¬ç¦®åŠµï¼Œè©²èªªå¥¹åŽ²å®³å—Žï¼Ÿ #æ—ç·¨ ðŸ˜±ðŸ˜±ðŸ˜±\n\u3000\n#è˜‹æžœç¤¾æœƒ\nðŸŽä¸ä¸€æ¨£çš„è˜‹æžœæ—¥å ±ï¼ŒåŠ å…¥æˆ‘å€‘çš„IGå§ ðŸ‘‰ https://goo.gl/HxyZnq, 2018-06-11T09:20:13+0000, 1502, 64, 24
232633627068_10157157745427069, è˜‹æžœæ—¥å ± å°ç£, å°èƒ–å¼Ÿé€£åƒé›žçš„æ¨¡æ¨£ä¹Ÿè¶…èŒ(*Â´Ð·ï½€*) #7pupuç·¨\n\u3000\n#è˜‹æžœåœ‹éš› \nâš½ä¸–è¶³çœ‹è˜‹æžœ http://bit.ly/2sIFskX, 2018-06-11T09:10:00+0000, 186, 8, 5
232633627068_10157157622492069, è˜‹æžœæ—¥å ± å°ç£," é‚„èªªä»€éº¼""ä¸‹æ¬¡""ï¼Œé€™ç¨®å¥³å‹é‚„æ˜¯è¶•å¿«æ”¾ç”Ÿå§ï¼ˆæ‹æ‹ï¼‰ #é„‰ç·¨\n\u3000\u3000\nã€åœ–æ–‡å ±å°Žã€‘æ‰¾å¥³ç´„ç ²è¢«æŠ“åŒ…\u3000é“æ­‰å½±ç‰‡é­POç¶²\nhttps://tw.appledaily.com/new/realtime/20180611/1370937/\n\u3000\nã€å®Œæ•´ #å‹•æ–°èžã€‘\nhttps://tw.video.appledaily.com/local/20180611/1370937/\n\u3000\nâ˜…ä¸ŠæŽ¨ç‰¹åˆ—è»Šå§ï¼è€å¸æ©Ÿç™¼çš„è˜‹æžœä¸ä¸€æ¨£ â†’ http://bit.ly/2HpCaau", 2018-06-11T08:50:00+0000, 118, 38, 9
232633627068_10157157877507069, è˜‹æžœæ—¥å ± å°ç£, ä½©æœä»–çš„å‹‡æ°£... #æ—ç·¨ ðŸ˜±ðŸ˜±ðŸ˜±\n\u3000\n#è˜‹æžœåœ‹éš›\nâš½ä¸–è¶³çœ‹è˜‹æžœ http://bit.ly/2sIFskX, 2018-06-11T08:41:22+0000, 734, 38, 10
232633627068_10157157581902069, è˜‹æžœæ—¥å ± å°ç£," å…©ä½éƒ½å¾ˆä¸æŒ‰ç‰Œç†å‡ºç‰Œï¼Œä¸æ›‰å¾—æ˜Žå¤©æœƒä¸æœƒæœ‰""è„«ç¨¿æ¼”å‡º""çš„ç‹€æ³ç™¼ç”Ÿå‘¢ #é„‰ç·¨\n\u3000\u3000\nåœ–æ–‡å ±å°Žã€å…¨å‹•ç•«ã€‘ç•°æƒ³ä¸–ç•Œï¼ å·é‡‘æœƒè‹¥ç¿»æ¡Œ\u3000å°ç£æœƒè¢«æ²å…¥ï¼Ÿ\nhttps://tw.appledaily.com/new/realtime/20180611/1370521/\n\u3000\nã€å®Œæ•´ #å‹•æ–°èžã€‘\nhttps://tw.video.appledaily.com/international/20180611/1370521/\n\u3000\nã€#ç«ç·šè©±é¡Œã€‘å·é‡‘æœƒç…åŸŽç™»å ´\nhttp://bit.ly/2vSVzjM\n#å·é‡‘æœƒ #åŒ—éŸ“ #å·æ™® #é‡‘æ­£æ© #åœ‹éš›æ–°èž #è˜‹æžœåœ‹éš› #è˜‹æžœå‹•ç•«æ²’æœ‰æ¥µé™ #ä¸­åœ‹ #å°ç£ #ç¿’è¿‘å¹³ Donald J. Trump #ê¹€ì •ì€\nâ˜…æƒ³é—œå¿ƒæ›´å¤šåœ‹éš›äº‹ä»¶ï¼Ÿè«‹è·Ÿéš¨è˜‹æžœæŽ¨ç‰¹  â†’  http://bit.ly/2HpCaau", 2018-06-11T08:30:01+0000, 306, 118, 79
232633627068_10157157827917069, è˜‹æžœæ—¥å ± å°ç£, å¥½èº«æåŽŸä¾†æ˜¯é€™æ¨£å¡žå‡ºä¾†çš„( Í¡Â° ÍœÊ– Í¡Â°)\næ˜¯èªªå¥³è­¦çš„çœ¼ç›å¥½å°–å•Š\n\u3000\n#æ‹‰Kä¸€æ™‚å°¿å¸ƒä¸€ä¸–, 2018-06-11T08:20:00+0000, 952, 20, 11
232633627068_10157157808307069, è˜‹æžœæ—¥å ± å°ç£, è¿ªå£«å°¼é™å®šå•†å“ï¼Œä¸ç”¨é£›å‡ºåœ‹å°±æœ‰æ©Ÿæœƒå¾—åˆ°ÎµÙ©(à¹‘> â‚ƒ <)Û¶Ð·\n\u3000\n#æµ·æ´‹å¥‡ç·£ #èŽ«å¨œ, 2018-06-11T08:10:00+0000, 22, 0, 2
232633627068_10157157817047069, è˜‹æžœæ—¥å ± å°ç£, æ¬ è–ªé‚„æ‰“äºº...éƒ½æ˜¯å°ç£äººä¸æ˜¯æ‡‰è©²äº’ç›¸ç…§é¡§å—Ž(Â´ï¾ŸÐ´ï¾Ÿ`) #7pupuç·¨\n\u3000\n#è˜‹æžœç”Ÿæ´» \nâ˜…è·Ÿéš¨ä»–ï¼ä½ æœƒæœ‰ä¸ä¸€æ¨£çš„æ–°èžè¦–é‡Ž â†’  http://bit.ly/2HpCaau, 2018-06-11T08:00:01+0000, 869, 148, 75
232633627068_10157157503382069, è˜‹æžœæ—¥å ± å°ç£, ç•«ä»€éº¼åœ–ï¼Ÿè©²ä¸æœƒæ˜¯å°é›žå•„ç±³åœ–å§ï¼ŸðŸ™„ #é„‰ç·¨\n\u3000\u3000\nã€åœ–æ–‡å ±å°Žã€‘äººå¦»å‡ºè»ŒçŽ©ã€Œå¤§æ€’ç¥žã€\u3000å°çŽ‹è¾¯ï¼šé‚£2å¤©éƒ½åœ¨ç•«åœ–\nhttps://tw.appledaily.com/new/realtime/20180611/1369968/\n\u3000\nã€å®Œæ•´ #å‹•æ–°èžã€‘\nhttps://tw.video.appledaily.com/local/20180611/1369968/\n\u3000\n#è˜‹æžœå‹•ç•«\nâ˜…ä¸ŠæŽ¨ç‰¹åˆ—è»Šå§ï¼è€å¸æ©Ÿç™¼çš„è˜‹æžœä¸ä¸€æ¨£ â†’ http://bit.ly/2HpCaau, 2018-06-11T07:50:01+0000, 46, 3, 1
232633627068_10157157827917069, è˜‹æžœæ—¥å ± å°ç£, å¥½èº«æåŽŸä¾†æ˜¯é€™æ¨£å¡žå‡ºä¾†çš„( Í¡Â° ÍœÊ– Í¡Â°)\næ˜¯èªªå¥³è­¦çš„çœ¼ç›å¥½å°–å•Š\n\u3000\n#æ‹‰Kä¸€æ™‚å°¿å¸ƒä¸€ä¸–, 2018-06-11T08:20:00+0000, 952, 20, 11
232633627068_10157157808307069, è˜‹æžœæ—¥å ± å°ç£, è¿ªå£«å°¼é™å®šå•†å“ï¼Œä¸ç”¨é£›å‡ºåœ‹å°±æœ‰æ©Ÿæœƒå¾—åˆ°ÎµÙ©(à¹‘> â‚ƒ <)Û¶Ð·\n\u3000\n#æµ·æ´‹å¥‡ç·£ #èŽ«å¨œ, 2018-06-11T08:10:00+0000, 22, 0, 2
232633627068_10157157817047069, è˜‹æžœæ—¥å ± å°ç£, æ¬ è–ªé‚„æ‰“äºº...éƒ½æ˜¯å°ç£äººä¸æ˜¯æ‡‰è©²äº’ç›¸ç…§é¡§å—Ž(Â´ï¾ŸÐ´ï¾Ÿ`) #7pupuç·¨\n\u3000\n#è˜‹æžœç”Ÿæ´» \nâ˜…è·Ÿéš¨ä»–ï¼ä½ æœƒæœ‰ä¸ä¸€æ¨£çš„æ–°èžè¦–é‡Ž â†’  http://bit.ly/2HpCaau, 2018-06-11T08:00:01+0000, 869, 148, 75
232633627068_10157157503382069, è˜‹æžœæ—¥å ± å°ç£, ç•«ä»€éº¼åœ–ï¼Ÿè©²ä¸æœƒæ˜¯å°é›žå•„ç±³åœ–å§ï¼ŸðŸ™„ #é„‰ç·¨\n\u3000\u3000\nã€åœ–æ–‡å ±å°Žã€‘äººå¦»å‡ºè»ŒçŽ©ã€Œå¤§æ€’ç¥žã€\u3000å°çŽ‹è¾¯ï¼šé‚£2å¤©éƒ½åœ¨ç•«åœ–\nhttps://tw.appledaily.com/new/realtime/20180611/1369968/\n\u3000\nã€å®Œæ•´ #å‹•æ–°èžã€‘\nhttps://tw.video.appledaily.com/local/20180611/1369968/\n\u3000\n#è˜‹æžœå‹•ç•«\nâ˜…ä¸ŠæŽ¨ç‰¹åˆ—è»Šå§ï¼è€å¸æ©Ÿç™¼çš„è˜‹æžœä¸ä¸€æ¨£ â†’ http://bit.ly/2HpCaau, 2018-06-11T07:50:01+0000, 46, 3, 1
1021581417961885_1686871258099561, å¡æè«¾ç‹‚æ–°èž, ã€0610ã€‘å¡æè«¾ç‹‚æ–°èž #119 æœŸ\n\nâ€» é€™ç¨®å¤©æ°£çœŸçš„æœƒç†±æ­»\nâ€» æ˜¯è¦ä¸Šè‰²å½©å­¸å—Žï¼Ÿ\nâ€» å€’ï½žé€€ï½žåš•ï½ž\nâ€» æˆ‘ä¸å¥½æ„æ€èªªé€™åæ˜¯ä»€éº¼\nâ€» æžœçœŸé«˜æ‰‹åœ¨æ°‘é–“ï¼æ‹æ‰‹\n\nå¡æè«¾ç‹‚æ–°èžç²‰çµ²åœ˜è¨­ç‚ºæ¶å…ˆçœ‹ ï¼\næ¶å…ˆæ”¶åˆ°ç¬¬ä¸€æ‰‹ç‹‚è¨Šï½ž\n#å¡æè«¾ç‹‚æ–°èž #948794ç‹‚\n\næœ¬é›†æ–°èžä¾†æºï¼šè‡ªç”±ã€æ°‘è¦–ã€ä¸‰ç«‹ã€TVBSã€è˜‹æžœã€è¯è¦–ã€å…«å¤§ã€ä¸­å¤®ç¤¾, 2018-06-10T04:00:00+0000, 9027, 373, 1341
1021581417961885_1686439104809443, å¡æè«¾ç‹‚æ–°èž, ç«‹åˆ»åƒå€‹å…©é¡†å£“å£“é©š, 2018-06-09T08:16:54+0000, 1419, 18, 8
1021581417961885_1686438264809527, å¡æè«¾ç‹‚æ–°èž, çªç„¶è¦ºå¾—è‚šå­å¥½åƒæœ‰é»žé¤“äº†, 2018-06-09T08:15:33+0000, 1510, 31, 1
1021581417961885_1685055508281136, å¡æè«¾ç‹‚æ–°èž, å§Šå¤«ï¼Œæ˜¯ä½ å—Žï¼Ÿå§Šå¤«ï½žï½ž\n\n#å…§æœ‰åžƒåœ¾å‰›åƒé£½ä¸è¦çœ‹\n#è€Œä¸”æˆ‘å¾ˆä¹–æœ‰æ‰“ç¢¼, 2018-06-08T07:49:36+0000, 5111, 2061, 1016
1021581417961885_1684057575047596, å¡æè«¾ç‹‚æ–°èž, å¡æè«¾ã€Šæ”¿å®¢æ—¥å¸¸ã€‹024æœŸ æ™‚ä»£åŠ›é‡æ™ºåŠ›æ¸¬é©—ä¾†å›‰ï¼\n\nâ€»åœ‹æœƒæˆ°ç¥žé»ƒåœ‹æ˜Œç«Ÿè¢«æ’žå€’ï¼Ÿï¼\nâ€»æ’žä»–çš„äººé‚„æ˜¯ç™½æµ·è±šå°‡è»ï¼\nâ€»ä¸€å †å¹´é ˜ç™¾è¬æˆå¤©è€ç™½çˆ›çš„æ”¿å®¢\nâ€»å°±æ˜¯é¸å‰æ²’æœ‰æŠŠé—œçš„çµæžœ\nâ€»æ™‚ä»£åŠ›é‡æ™ºåŠ›æ¸¬é©—æ­£å¼é–‹æ‰“ï¼\nâ€»ä¸‹ä¸€å€‹æ›èª°ä¾†æŒ‘æˆ°ï¼Ÿï¼, 2018-06-07T11:30:15+0000, 2630, 157, 178
1021581417961885_1682988455154508, å¡æè«¾ç‹‚æ–°èž, æœ€æœ‰æ„›å¿ƒçš„å°å¼Ÿå¼Ÿï¼Œå …æŒçŒæº‰ä¸ç•æ‡¼å¤§å®¶çš„çœ¼å…‰ï½ž, 2018-06-06T10:47:24+0000, 7369, 2446, 1917
1021581417961885_1681768925276461, å¡æè«¾ç‹‚æ–°èž, é€™è€é—†å¤ ç‹‚ ä¸€åˆ‡éš¨ç·£ï½ž, 2018-06-05T07:12:59+0000, 13907, 493, 651
1021581417961885_1678978642222156, å¡æè«¾ç‹‚æ–°èž, ã€0603ã€‘å¡æè«¾ç‹‚æ–°èž #118 æœŸ\n\nâ€» æ€Žéº¼è¢«è¬›ä¸€ä¸‹å°±æ£®77ï¼Ÿ\nâ€» é€™ç®—æ˜¯æœ‰ç”Ÿæ„é ­è…¦å—Ž\nâ€» é–‹é€™å€‹é‚„ä¸ç”¨è€ƒé§•ç…§å’§\nâ€» åŽŸä¾†__ __è£¡é¢æ²’æœ‰__ __\nâ€» å†·éœå¹¾ç§’ ä¸–ç•Œæ›´ç¾Žå¥½\n\nå¡æè«¾ç‹‚æ–°èžç²‰çµ²åœ˜è¨­ç‚ºæ¶å…ˆçœ‹ ï¼\næ¶å…ˆæ”¶åˆ°ç¬¬ä¸€æ‰‹ç‹‚è¨Šï½ž\n#å¡æè«¾ç‹‚æ–°èž #948794ç‹‚\n\næœ¬é›†æ–°èžä¾†æºï¼šä¸‰ç«‹ã€æ±æ£®ã€TVBSã€å°è¦–ã€é¡å‚³åª’ã€æ–°æµªç¶²ã€BBCã€é‡‘å‰›ç›´æ’­, 2018-06-03T04:00:01+0000, 8124, 390, 836
1021581417961885_1677424899044197, å¡æè«¾ç‹‚æ–°èž, ã€0601ã€‘ç‹‚æŽ¨ç† #1.5 èƒ–è™Žå¤§è§£å¯†\n\nâ€» ç‹‚ï½žæŽ¨ï½žç†ï½žåˆï½žä¾†ï½žå•¦ï½ž\nâ€» ä¸è¦ä»¥ç‚ºMVåˆªæŽ‰æˆ‘å°±ä¸æœƒç™¼ç¾ï¼\nâ€» é€™æ¬¡åˆæœƒæœ‰ä»€éº¼é©šäººå…§å¹•å‘¢\n\n#ç‹‚æŽ¨ç† #ç´”æŽ¨ç† #ç†æ€§è¨Žè«–, 2018-06-01T10:00:00+0000, 4696, 511, 457
1021581417961885_1677334599053227, å¡æè«¾ç‹‚æ–°èž, ä¸å°ºåŽ»å“ªå…’, 2018-06-01T06:10:42+0000, 7290, 1516, 1332
1021581417961885_1676264502493570, å¡æè«¾ç‹‚æ–°èž, å„ä½å–®èº«ç‹—å€‘æ€Žéº¼çœ‹ï¼Ÿ\n\n#æ˜¯å¹¹è©±çš„æ©ŸçŽ‡æœ‰å¤šå°‘, 2018-05-31T06:35:05+0000, 5325, 2981, 659
1021581417961885_1676163415837012, å¡æè«¾ç‹‚æ–°èž, ä¹‹å‰æŠ½çŽçš„å¾—çŽåå–®å‡ºä¾†å›‰ï¼ˆè©³è¦‹ç•™è¨€è™•ï¼‰\nä¸­çŽè€…è¨˜å¾—åœ¨æœŸé™å…§ç§è¨Šå°ç·¨å•Šï½ž, 2018-05-31T03:47:22+0000, 358, 11, 2
1021581417961885_1675381805915173, å¡æè«¾ç‹‚æ–°èž, é€™å«ä½œä»¥æŸ”å…‹å‰›, 2018-05-30T10:14:32+0000, 1665, 251, 166
1021581417961885_1674243699362317, å¡æè«¾ç‹‚æ–°èž, è‘›æ ¼æœ‰ç·´éŽï¼ä¸æœƒä¸è¦äº‚å­¸ï½ž, 2018-05-29T08:00:28+0000, 7443, 2370, 1940
1021581417961885_1671477602972260, å¡æè«¾ç‹‚æ–°èž, ã€0527ã€‘å¡æè«¾ç‹‚æ–°èž #117 æœŸ\n\nâ€» ä¸€å€‹å¿«é€Ÿçš„åž‚ç›´å¢œè½\nâ€» åˆæ˜¯å€‹æ”¾ç”Ÿç³»å¯¶è²\nâ€» ä»€éº¼æ…‹åº¦ï¼Ÿï¼Ÿï¼Ÿ\nâ€» å°å¿ƒæœ‰äººåœ¨å·å·çœ‹ä½ \nâ€» Yo Yo Yo\n\nå¡æè«¾ç‹‚æ–°èžç²‰çµ²åœ˜è¨­ç‚ºæ¶å…ˆçœ‹ ï¼\næ¶å…ˆæ”¶åˆ°ç¬¬ä¸€æ‰‹ç‹‚è¨Šï½ž\n#å¡æè«¾ç‹‚æ–°èž #948794ç‹‚\n\næœ¬é›†æ–°èžä¾†æºï¼šè˜‹æžœã€è‡ªç”±ã€ä¸‰ç«‹ã€BBCä¸­æ–‡ç¶²ã€WSBTVã€B.C.&Lowyã€ç«‹æ³•é™¢è­°äº‹è½‰æ’­, 2018-05-27T04:00:01+0000, 5839, 344, 902
1021581417961885_1668899366563417, å¡æè«¾ç‹‚æ–°èž, æ—¥æœ¬çš„å¥åº·æ•™è‚²èª²æœ¬\n\n#é›£æ€ªå«ä½œæ‰“æ‰‹æ§å•Š\n#æ˜¯æ€•ç•«å¤ªéœ²éª¨è¢«æé¾å®¶é•·æª¢èˆ‰å—Ž, 2018-05-25T04:22:00+0000, 7432, 531, 894
1021581417961885_1668749623245058, å¡æè«¾ç‹‚æ–°èž, å¡æè«¾ã€Šæ”¿å®¢æ—¥å¸¸ã€‹#023æœŸ åŽŸä¾†æŽå¯ŒåŸŽä¹Ÿæ˜¯æ”¿å®¢å•Šï¼ï¼\n\u3000\nâ€»æ°£è±¡é”äººä¹Ÿå¯ä»¥æ˜¯æ”¿å®¢\nâ€»ä¸€èº«è—éª¨é ­ä¸æ˜¯æ‡¶éª¨é ­\nâ€»æ‰“ç¶ ä¸æ‰‹è»Ÿä¸é²ç–‘\nâ€»è€äº†æ‰€ä»¥å°„ä¸å‡ºä¾†\nâ€»è¼¸äº†åªå¥½æ¼”èž¢ç«èŸ²QQ\nâ€»æŽä¼¯ä¼¯è¢«çŽ©å£žäº†å•¦, 2018-05-24T11:00:00+0000, 1206, 65, 84
1021581417961885_1668657693254251, å¡æè«¾ç‹‚æ–°èž, é€™å€‹æ•…äº‹å‘Šè¨´æˆ‘å€‘ï½ž åƒè¬åˆ¥å˜´ç¡¬...\n\n#è·¯äººç¥žåŠ©æ”», 2018-05-24T03:45:54+0000, 3726, 360, 731
1021581417961885_1667578940028793, å¡æè«¾ç‹‚æ–°èž, ã€0523ã€‘ç‹‚è²·å–®#5 ç‹‚è²·å–®ä¾†å•¦ï¼ï¼ï¼\n\nç‹‚è²·å–®ä»Šå¤©è¦å‘Šè¨´ä½ å¦‚ä½•æ‹¿å¯¶è—å’ŒæŠ½é‡‘æ¢å•¦~\nåªè¦æŽƒå½±ç‰‡ä¸­çš„QRcode å°±æœ‰æ©ŸæœƒæŠ½åˆ°100g çš„é‡‘æ¢å•¦~~\né€™éº¼ç‹‚çš„æ´»å‹•é‚„ä¸è¶•å¿«åƒåŠ ?\n\nâ–ºæ´»å‹•æ™‚é–“ï¼š5/23~ç›´æ’­æ™‚\nâ–ºæ´»å‹•è¾¦æ³•ï¼šå°±åœ¨å½±ç‰‡ä¸‹æ–¹ç•™è¨€è™•ï¼\nâ–ºä¸­çŽç¶²å‹é ˆé…åˆæ–¼æŒ‡å®šåœ°é»žè³¼ç‰©ã€é€²è¡ŒéŠæˆ²é—œå¡èˆ‡å½±ç‰‡æ‹æ”ã€‚\nâ–ºæœ¬æ¬¡è³¼ç‰©åœ°é»žï¼šè¿‘æœŸå…¬ä½ˆ\nâ–ºæŠ½çŽæ™‚é–“ï¼šè¿‘æœŸå…¬ä½ˆ\n\nï¼ï¼ï¼ä¸­çŽäººé ˆçŸ¥ï¼ï¼ï¼\n1.ä¸­çŽç¶²å‹é ˆé…åˆè‡³æŒ‡å®šåœ°é»žé€²è¡ŒæŽ¡è³¼ã€‚\n2.æŽ¡è³¼é€”ä¸­é…åˆåŸ·è¡ŒéŠæˆ²é—œå¡ï¼Œæ ¹æ“šéŠæˆ²çµæžœä¸åŒï¼Œæœƒæœ‰çŽè³žæˆ–æ‡²ç½°ã€‚\n3.æŽ¡è³¼åŠéŠæˆ²å…§å®¹å°‡æ‹æ”æˆå½±ç‰‡ï¼Œä¸¦æ–¼ç‹‚è²·å–®ç¯€ç›®ä¸­æ’­å‡ºã€‚\n4.å¦‚ç„¡æ³•é…åˆæŒ‡å®šæ‹æ”æ—¥æœŸèˆ‡æµç¨‹è¦–åŒæ”¾æ£„ä¸­çŽæ¬Šç›Šã€‚\n5.è‹¥çŽå“åƒ¹å€¼è¶…éŽ2è¬å…ƒï¼Œä¸­çŽç¶²å‹éœ€ç¹³ç´ç¨…é‡‘ã€‚\n\n#ç‹‚è²·å–®\n#è‡ªå·±çš„è³¼ç‰©çŽé‡‘è‡ªå·±è³º\n#ç‹‚è²·å–®94è¦å¹«ä½ è²·å–®\n#Panasonicé›»æ± \n#EVOLTAå¥ªå¯¶å¥‡è¬€\n#PanasonicBatteryTaiwan, 2018-05-23T11:00:02+0000, 1193, 482, 492
1021581417961885_1667155913404429, å¡æè«¾ç‹‚æ–°èž, æˆ‘åªæ˜¯æƒ³å¥½å¥½åƒå€‹é£¯éŒ¯äº†å—Žï¼Ÿ, 2018-05-23T03:44:00+0000, 4142, 1509, 885
1021581417961885_1666865376766816, å¡æè«¾ç‹‚æ–°èž, ææ€–éµï½ž ææ€–åˆ°äº†æ¥µé»žéµï½ž\nè½èªªå­«å®‰ä½æ¡ˆæ˜Žå¤©ï¼ˆ23æ—¥ï¼‰æè¨Šï¼Œå°ç·¨é–’è‘—æ²’äº‹åšå‰‡å»¢ç‰‡çµ¦ä½ çœ‹ï¼\n\n#ç‹‚æŽ¨ç†\n#çµ¦ä½ æ»¿æ»¿çš„å¹¹è©±\n#å¯èƒ½ä¸æœƒæœ‰ç¬¬2é›†, 2018-05-22T11:43:33+0000, 6294, 1146, 1355
1021581417961885_1666755600111127, å¡æè«¾ç‹‚æ–°èž, å’•åš•, 2018-05-22T08:46:53+0000, 1340, 85, 5
1021581417961885_1665509333569087, å¡æè«¾ç‹‚æ–°èž, å¡æè«¾ã€Šç‹‚äººæ„è¡¨ã€‹ #1 æ¯è±¬ç•™è¨€çµ‚çµè€…\nðŸ”¥è³ªæ„Ÿçˆ†æ£šä¸€ä»¶è¥¯è¡«ï¼šä½ æ®ç‘çš„åŸŽå¸‚æ—¥å¸¸é¢¨æ™¯ðŸ”¥\n\u3000\nä¸Šé€±åæ‡‰å¤§å¥½çš„Judy Chou å•¾è’‚ä¿\nå…¶å¯¦æœ‰ä¸€æ®µéžå¸¸åŠªåŠ›çš„éŽç¨‹ï¼Œçœ‹å¥¹å¦‚ä½•å¾žæ²’æœ‰ä»»ä½•å¾Œå°èƒŒæ™¯\nä¸€è·¯èµ°åˆ°æ™‚å°šç•Œå‰ç«¯ï¼Œæˆç‚ºåœ‹å…§å‰è¡›æŒ‡æ¨™é€ åž‹å¸«\nä½ ç¾åœ¨ä¹Ÿæ·±é™·ä½Žæ½®å—Žï¼Ÿé‚„æ˜¯è—è‰²æ˜ŸæœŸä¸€éœ€è¦æ­£èƒ½é‡è£œå……ï¼Ÿ\né»žé–‹å½±ç‰‡ï¼Œä½ ä¹Ÿèƒ½ç²å¾—å‰é€²çš„å‹‡æ°£\n\u3000\nðŸ™Œ æœ‰è©±æƒ³èªªæ­¡è¿Žä¾†èŠ\nç‹‚äººæ„è¡¨é€™é‚Šè«‹â†’https://goo.gl/9dtoJa\n\u3000\n#æ­£é¢è¿Žæˆ°é…¸æ°‘çœŸçš„å¾ˆå±Œ\n#è·‘åŽ»æ­æ´²é‚£æ®µå‹‡æ°£åè¶³\n\u3000\nâ–³ éœ¸æ°£ï¼å¥¹å¾—çŸ¥å¦¹å¦¹æ…˜é­éœ¸å‡Œ...ç«Ÿæ°£åˆ°å¯„å‡ºè¶…ç‹‚æ‰‹å¯«ã€Œé‚€è«‹å‡½ã€å›žæ“Šè®“ç¶²å‹ä½©æœç‚¸å•¦ï¼â†’ https://ck101.com/thread-3573957-1-1.html, 2018-05-21T10:20:00+0000, 690, 28, 45
1021581417961885_1664090367044317, å¡æè«¾ç‹‚æ–°èž, ã€0520ã€‘å¡æè«¾ç‹‚æ–°èž #116 æœŸ\n\nâ€» æˆ‘çˆ¸åª½å¹³å‡ä¹Ÿæœ‰ä¸€é¡†...\nâ€» è‘›æ ¼ä½ é€™æ¨£æ¯æ¹¯\nâ€» ç¾Žé³³ä¸Šèœå•¦ï½ž\nâ€» ä½ å¾Œå°henç¡¬å–”\nâ€» é€™å€‹ç•«é¢æœ‰å‘³é“\n\nå¡æè«¾ç‹‚æ–°èžç²‰çµ²åœ˜è¨­ç‚ºæ¶å…ˆçœ‹ ï¼\næ¶å…ˆæ”¶åˆ°ç¬¬ä¸€æ‰‹ç‹‚è¨Šï½ž\n#å¡æè«¾ç‹‚æ–°èž #948794ç‹‚\n\næœ¬é›†æ–°èžä¾†æºï¼šé¡å‘¨åˆŠã€å£¹é€±åˆŠã€è¯åˆã€è˜‹æžœã€è‡ªç”±ã€ä¸­è¦–ã€å°è¦–ã€TVBSã€æ±æ£®ã€é’å¹´æ—¥å ±ã€è¡Œæ”¿é™¢é–‹éº¥å•¦ã€çœŸå¿ƒç™½æœ¨æŸæ…Žã€ é™³æ›‰éœ, 2018-05-20T04:00:01+0000, 14723, 847, 2352
